Label,# Samples,Average,Median,90% Line,95% Line,99% Line,Min,Max,Error %,Throughput,Received KB/sec,Sent KB/sec
1. GET - Home,250,525,452,723,1094,1496,387,1769,0.000%,24.46184,113.64,2.87
2. POST - Reserve,250,299,294,349,364,398,243,418,0.000%,27.47555,198.04,6.71
3. POST - Purchase,250,300,289,355,383,466,241,550,0.000%,27.37626,179.63,7.99
TOTAL,750,375,315,482,550,1322,241,1769,0.000%,69.32890,425.57,15.10
