Label,# Samples,Average,Median,90% Line,95% Line,99% Line,Min,Max,Error %,Throughput,Received KB/sec,Sent KB/sec
1. GET - Home,250,706,664,961,1094,1405,419,1856,0.000%,89.99280,418.08,10.55
2. POST - Reserve,250,618,543,909,1167,1567,251,1618,0.000%,84.57375,609.61,20.65
3. POST - Purchase,250,546,478,873,1086,1465,260,1490,0.000%,85.03401,557.96,24.83
TOTAL,750,623,575,924,1112,1514,251,1856,0.000%,203.41741,1248.66,44.30
